
<?xml version="1.0" encoding="UTF-8"?>
<?xml-stylesheet type="text/xsl" href="Contacts.xsl"?>
<mpe_contacts>
    <contact>
        <name>A</name>
        <surname>Home Air</surname>
        <cell>+919676845453</cell></contact>
    <contact>
        <name>A</name>
        <surname>House</surname>
        <cell>+919966300454</cell></contact>
    <contact>
        <name>1</name>
        <surname>Baskar Neig</surname>
        <cell>+919849151917</cell></contact>
    <contact>
        <name>1</name>
        <surname>Baskar Pedd</surname>
        <cell>09398343339</cell></contact>
    <contact>
        <name>1</name>
        <surname>Krishna</surname>
        <cell>09704713733</cell></contact>
    <contact>
        <name>1</name>
        <surname>Ramalingaia</surname>
        <cell>09849723102</cell></contact>
    <contact>
        <name>1</name>
        <surname>Suneel Nava</surname>
        <cell>09966359749</cell></contact>
    <contact>
        <name>1</name>
        <surname>Venu Gonela</surname>
        <cell>09959461874</cell></contact>
    <contact>
        <name>2</name>
        <surname>Chaitanya S</surname>
        <cell>+919894036676</cell></contact>
    <contact>
        <name>2</name>
        <surname>Chennai</surname>
        <cell>09952032164</cell></contact>
    <contact>
        <name>2</name>
        <surname>Dvss Karthi</surname>
        <cell>09963652820</cell></contact>
    <contact>
        <name>2</name>
        <surname>Firdoz Khan</surname>
        <cell>09739090313</cell></contact>
    <contact>
        <name>2</name>
        <surname>Jagadish Ho</surname>
        <other>09912584662</other></contact>
    <contact>
        <name>2</name>
        <surname>Jagadishwar</surname>
        <cell>09043950848</cell></contact>
    <contact>
        <name>2</name>
        <surname>Manohar</surname>
        <cell>+919036983013</cell></contact>
    <contact>
        <name>2</name>
        <surname>Shadik</surname>
        <cell>09620396884</cell></contact>
    <contact>
        <name>2</name>
        <surname>Uday Baskar</surname>
        <cell>09886952211</cell></contact>
    <contact>
        <name>2</name>
        <surname>Venu Adepu</surname>
        <cell>09741022944</cell></contact>
    <contact>
        <name>2</name>
        <surname>Wahid Khan</surname>
        <cell>09989210092</cell></contact>
    <contact>
        <name>3</name>
        <surname>Ankit Joshi</surname>
        <cell>9711197024</cell></contact>
    <contact>
        <name>3</name>
        <surname>Aruna Muppa</surname>
        <cell>9717070423</cell>
        <home>9959966179</home></contact>
    <contact>
        <name>3</name>
        <surname>Kalyan Chak</surname>
        <cell>09654181409</cell></contact>
    <contact>
        <name>3</name>
        <surname>Ketan</surname>
        <cell>+919999144423</cell></contact>
    <contact>
        <name>3</name>
        <surname>Kondai Naid</surname>
        <cell>09811227607</cell></contact>
    <contact>
        <name>3</name>
        <surname>Narendra Ma</surname>
        <cell>+919717003180</cell></contact>
    <contact>
        <name>3</name>
        <surname>Palaniappan</surname>
        <cell>09717040047</cell></contact>
    <contact>
        <name>3</name>
        <surname>Prasad Boll</surname>
        <cell>09717011091</cell>
        <note>130A internet password-2139031910</note></contact>
    <contact>
        <name>3</name>
        <surname>Raghavendra</surname>
        <cell>+919717332780</cell></contact>
    <contact>
        <name>3</name>
        <surname>Ritwik Das</surname>
        <cell>9999883801</cell></contact>
    <contact>
        <name>3</name>
        <surname>Selva Kumar</surname>
        <cell>9811202669</cell></contact>
    <contact>
        <name>3</name>
        <surname>Sourab Chak</surname>
        <cell>09811222038</cell></contact>
    <contact>
        <name>3</name>
        <surname>Subbaraju</surname>
        <cell>09717008714</cell></contact>
    <contact>
        <name>3</name>
        <surname>Venkat Rama</surname>
        <cell>09911427436</cell></contact>
    <contact>
        <name>3</name>
        <surname>Venkat Seve</surname>
        <cell>09717881129</cell></contact>
    <contact>
        <name>3</name>
        <surname>Venkat Sidd</surname>
        <cell>9999595808</cell></contact>
    <contact>
        <name>3</name>
        <surname>Yagneswar C</surname>
        <cell>9818996016</cell></contact>
    <contact>
        <name>4</name>
        <surname>Anand Reddy</surname>
        <cell>09940366329</cell></contact>
    <contact>
        <name>4</name>
        <surname>Anuj</surname>
        <cell>9818742126</cell></contact>
    <contact>
        <name>4</name>
        <surname>Kanmani Hyd</surname>
        <cell>09177774301</cell></contact>
    <contact>
        <name>4</name>
        <surname>Nikhil Rust</surname>
        <cell>+919899819483</cell></contact>
    <contact>
        <name>4</name>
        <surname>Sachin Arora</surname>
        <cell>+919711031996</cell></contact>
    <contact>
        <name>4</name>
        <surname>Sachin Meht</surname>
        <cell>9971105521</cell></contact>
    <contact>
        <name>4</name>
        <surname>Sontosh</surname>
        <cell>+919717776529</cell></contact>
    <contact>
        <name>6</name>
        <surname>Aina Cts Cu</surname>
        <cell>09212580669</cell></contact>
    <contact>
        <name>6</name>
        <surname>IGATE Ref</surname>
        <cell>04466781000</cell></contact>
    <contact>
        <name>6</name>
        <surname>Tcs Up Rec</surname>
        <cell>+911146021630</cell></contact>
    <contact>
        <name>7</name>
        <surname>Accenture Bang</surname>
        <cell>+918040776650</cell></contact>
    <contact>
        <name>7</name>
        <surname>Dell Replac</surname>
        <cell>+919540001541</cell></contact>
    <contact>
        <name>7</name>
        <surname>DELL sancha</surname>
        <cell>+918039820700</cell></contact>
    <contact>
        <name>7</name>
        <surname>DELL suppor</surname>
        <cell>01160003355</cell></contact>
    <contact>
        <name>7</name>
        <surname>IGNOU delhi</surname>
        <cell>01123392377</cell></contact>
    <contact>
        <name>7</name>
        <surname>IGNOU Help1</surname>
        <cell>01129571505</cell></contact>
    <contact>
        <name>7</name>
        <surname>IGNOU Help2</surname>
        <cell>01129536743</cell></contact>
    <contact>
        <name>7</name>
        <surname>IGNOU MBA</surname>
        <cell>01129571508</cell></contact>
    <contact>
        <name>7</name>
        <surname>IGNOU Mgadi</surname>
        <cell>01129572209</cell></contact>
    <contact>
        <name>7</name>
        <surname>Ignou Proj</surname>
        <cell>9811687720</cell></contact>
    <contact>
        <name>7</name>
        <surname>IGNOU Regio</surname>
        <cell>04422542727</cell></contact>
    <contact>
        <name>7</name>
        <surname>Ignou Sec O</surname>
        <cell>01129571318</cell></contact>
    <contact>
        <name>7</name>
        <surname>Ignou Study</surname>
        <cell>2500938</cell></contact>
    <contact>
        <name>7</name>
        <surname>NIC Delhi</surname>
        <cell>01124305020</cell></contact>
    <contact>
        <name>7</name>
        <surname>Noida Offic</surname>
        <cell>1204047243</cell></contact>
    <contact>
        <name>7</name>
        <surname>Sbi Atm Lck</surname>
        <cell>1000112211</cell></contact>
    <contact>
        <name>7</name>
        <surname>Sony Ser UP</surname>
        <cell>01204241511</cell></contact>
    <contact>
        <name>7</name>
        <surname>Spectra Eng</surname>
        <cell>9811841464</cell></contact>
    <contact>
        <name>7</name>
        <surname>Spectra Net</surname>
        <cell>09811611464</cell>
        <work>2463476</work></contact>
    <contact>
        <name>8</name>
        <surname>Bala Mantio</surname>
        <cell>09840946506</cell></contact>
    <contact>
        <name>8</name>
        <surname>Chaitanya R</surname>
        <cell>+911204003000</cell></contact>
    <contact>
        <name>8</name>
        <surname>Malhotra</surname>
        <cell>9810644240</cell></contact>
    <contact>
        <name>8</name>
        <surname>Pandian Roo</surname>
        <cell>+919789887784</cell></contact>
    <contact>
        <name>8</name>
        <surname>Satish Owne</surname>
        <other>09717799703</other></contact>
    <contact>
        <name>8</name>
        <surname>Satya Room</surname>
        <cell>+919840927629</cell></contact>
    <contact>
        <name>8</name>
        <surname>Udit 108 Br</surname>
        <other>9999405684</other></contact>
    <contact>
        <name>9</name>
        <surname>Airtel 5 St</surname>
        <cell>12141</cell></contact>
    <contact>
        <name>9</name>
        <surname>Airtel Bale</surname>
        <cell>*123#</cell></contact>
    <contact>
        <name>9</name>
        <surname>Airtel GPRS</surname>
        <cell>12132</cell></contact>
    <contact>
        <name>9</name>
        <surname>Airtel Late</surname>
        <cell>12131</cell></contact>
    <contact>
        <name>9</name>
        <surname>Airtel MO</surname>
        <cell>*123*10#</cell></contact>
    <contact>
        <name>9</name>
        <surname>Airtel Net</surname>
        <cell>52567</cell></contact>
    <contact>
        <name>9</name>
        <surname>Mytoday</surname>
        <cell>+56070</cell></contact>
    <contact>
        <name>9</name>
        <surname>Mytoday Sub</surname>
        <cell>56070</cell></contact>
    <contact>
        <name>9</name>
        <surname>Sec 82 Bus</surname>
        <cell>9871049545</cell></contact>
    <contact>
        <name>91</name>
        <surname>Bestofind</surname>
        <cell>01132431110</cell></contact>
    <contact>
        <name>91</name>
        <surname>Kuldeep SB</surname>
        <cell>9717155694</cell></contact>
    <contact>
        <name>91</name>
        <surname>Murali Log</surname>
        <cell>9818113299</cell></contact>
    <contact>
        <name>91</name>
        <surname>Santosh UP</surname>
        <cell>+919958799067</cell></contact>
    <contact>
        <name>91</name>
        <surname>Venkat Ken</surname>
        <cell>+919711162890</cell></contact>
    <contact>
        <name>91</name>
        <surname>VisonSpect</surname>
        <cell>9212015328</cell></contact>
    <contact>
        <name>99parvinder</name>
        <surname>S</surname>
        <cell>9953827748</cell></contact>
    <contact>
        <name>Marlab</name>
        <cell>09845215753</cell></contact>
    <contact>
        <name>My</name>
        <surname>Offer</surname>
        <other>12131</other></contact>
    <contact>
        <name>Parveen</name>
        <surname>Kumar</surname>
        <cell>9810183397</cell></contact>
    <contact>
        <name>Srihari</name>
        <surname>Gonel</surname>
        <cell>000901590879</cell>
        <other>20020059462</other></contact>
    <contact>
        <name>Water</name>
        <surname>Kendriy</surname>
        <other>9312045903</other></contact>
</mpe_contacts>
