<?xml version="1.0" encoding="UTF-8"?>
<?xml-stylesheet type="text/xsl" href="History.xsl"?>

<ROOT>

<topic>
	<ilink>1</ilink>
	<title>Kashi Vishwanath Temple, Uttar Pradesh</title>
	<content>
	The Kashi Vishwanath temple is located in the heart of the cultural capital of India, Varanasi. It stands on the western bank of India's holiest river Ganges. Varanasi, or Banaras, situated amidst the crowded lanes of Varanasi, the temple of Vishwanatha can be approached from a lane called Vishwanatha lane. The Kashi Vishwanath Temple, also known as Golden Temple is the most sacred and main temple of Varanasi and it is dedicated to Lord Shiva or Vishveswara (Vishwanath), the presiding deity of the city. It is more popular due to the Gold plating done on its 15.5 meter high spire. One ton of gold donated by Maharaja Ranjit Singh has been used in the gold plating of the spire. The Temple (also known as Kashi) is one of the oldest living cities in the world. Varanasi is so old that it is a part of Indian mythology and finds mention in the epics Ramayana and Mahabharata. Through the ages Varanasi was also known variously as "Avimuktaka", "Anandakanana", "Mahasmasana", "Surandhana", "Brahma Vardha", "Sudarsana", "Ramya" and "Kasi" or Kashi - 'the City of Light". The oldest living city in the world, Varanasi is the ultimate destination of all Hindu pilgrims searching for moksha from the cycle of birth and re-birth. The Kashi Vishwanath temple is the center of faith for millions of Hindus. The Jyotirlinga of Shiva, Vishweshwara or Vishwanatha, is enshrined in the Kashi Vishwanath temple, considered as one of the holiest temples of India. 
	</content>
	<date>5:04 PM 11/24/2009</date>
</topic>

<topic>
	<ilink>2</ilink>
	<title>Golconda Fort</title>
	<content>
Golkonda Urdu, a ruined city of south-central India and capital of ancient Kingdom of Golkonda, is situated west of Hyderabad. The most important builder of Golkonda was Ibrahim Quli Qutb Shah Wali, the fourth Qutb king. Ibrahim was following in the spirit of his ancestors, the Qutub Shahi kings, a great family of builders who had ruled the kingdom of Golkonda from 1512. Their first capital, the fortress citadel of Golkonda, was rebuilt for defense from invading Mughals from the north.They laid out Golkonda's splendid monuments, now in ruins, and designed a perfect acoustical system by which a hand clap sounded at the fort's main gates, the grand portico, was heard at the top of the citadel, situated on a 300-foot (91 m)-high granite hill. This is one of the fascinating features of the fort.
	</content>
	<date>5:04 PM 11/24/2009</date>
</topic>

<topic>
	<ilink>3</ilink>
	<title>Shani Shingnapur</title>
	<content>
Shani Shingnapur[1] or Shani Shingnapur[2] or Shingnapur[3] or Sonai is a village in the Indian state of Maharashtra. Situated in Nevasa taluka in Ahmednagar district, the village is known for its popular temple of Shani, the Hindu god of the planet (graha) Saturn. Shingnapur is 35 km from Ahmednagar city.

Shingnapur is also famous for the fact that no house in the village has doors, only door frames. Despite this, no theft is reported in the village.[4] Villagers never keep their valuables under lock and key. Villagers believe that the temple is a "jagrut devasthan" (lit. "alive temple"), meaning that the god here is very powerful. They believe that god Shani punishes anyone attempting theft.[4]

The village has a post office and a high school known as Shri Shanishwar Vidya Mandir besides the primary schools run by the Zilla Parishad. The chief source of water supply in the villages is wells.

Shrine of Shani

The shrine for Shani compromises of a five and a half feet high black rock installed on an open-air platform, which symbolizes the god Shani. A Trishula (trident) is placed along the side of the image and a Nandi (bull) image is on the south side. In front are the small images of Shiva and Hanuman.[4]

Generally, the temple has 30-40,000 visitors a day, which swells to around three lakh (i.e. three hundred thousand) on amavasya (the new moon day), believed to the most auspicious day to appease Lord Shani.[1] The village holds a fair in honour of the deity on this day. A bigger fair on new moon days that fall on Saturdays. Devotees bathe Lord Shani's image with water and oil and offer flowers, and udid to him. A palanquin procession of Shani is held on the day of the fair.[4] Other festivals include the birthday of Shani, Shani Jayanti.[1]

	</content>
	<date>11:06 AM 1/29/2010</date>
</topic>

</ROOT>