<?xml version="1.0" encoding="UTF-8"?>
<?xml-stylesheet type="text/xsl" href="Jumble.xsl"?>

<ROOT>

<topic>
	<ilink>1</ilink>
	<title>HCL Joins now on Facebook and Twitter</title>
	<content>
Join HCL network on Facebook and follow HCL on Twitter to keep a track of the latest job openings.Invite your friends to become members too and help make a difference to their career. To become a fan on Facebook, log on to: 
(http://www.facebook.com/pages/HCL-Technologies-Official-Career-Page/298928080334?ref=mf). To become a follower on Twitter, log on to: (https://twitter.com/HCLTechJobs).
	</content>
	<date>4:21 PM 11/24/2009</date>
</topic>

</ROOT>