<?xml version="1.0" encoding="UTF-8"?>
<?xml-stylesheet type="text/xsl" href="LoginAccounts.xsl"?>

<ROOT>
<Account>
	<name>Gmail</name>
	<url>http://www.gmail.com</url>
	<userid>dont.miss.hari@gmail.com</userid>
	<password>6E317800B3231E3580F98CCF5402FB07</password>
	<text>Gmail has unlimited storage provided from Google.</text>
</Account>
<Account>
	<name>Gmail</name>
	<url>http://www.gmail.com</url>
	<userid>off.inbox@gmail.com</userid>
	<password></password>
	<text>Gmail has unlimited storage provided from Google. Email for official documents.</text>
</Account>
<Account>
	<name>Gmail</name>
	<url>http://www.gmail.com</url>
	<userid>gonela.srihari@gmail.com</userid>
	<password></password>
	<text>Gmail has unlimited storage provided from Google. Email for resumes.</text>
</Account>
</ROOT>