<?xml version="1.0"?>
<?xml-stylesheet type="text/xsl" href="MovieCollection.xsl"?>


<Collections>

<Movie><name>50 First Dates</name><lang>English</lang><disk>Disk Movie 1</disk><status>Good</status><format>.DAT</format><quality>Good</quality><size>958 MB</size><imdb>master</imdb></Movie><Movie><name>Monalisa Smile</name><lang>English</lang><disk>Disk Movie 1</disk><status>Good</status><format>AVI</format><quality>Good</quality><size>956 MB</size><imdb></imdb></Movie><Movie><name>Finding NEMO</name><lang>English</lang><disk>Disk Movie 1</disk><status>Good</status><format>DAT</format><quality>Good</quality><size>1 GB</size><imdb></imdb></Movie><Movie><name>Once West</name><lang>English</lang><disk>Disk Movie 1</disk><status>Good</status><format>AVI</format><quality>Good</quality><size>700 MB</size><imdb></imdb></Movie><Movie><name>1985 - Out Of Africa</name><lang>English</lang><disk>Disk Movie 1</disk><status>Good</status><format>AVI</format><quality>Good</quality><size>700 MB</size><imdb></imdb></Movie><Movie><name>Nuvvu Naku Nachav</name><lang>Telugu</lang><disk>Disk Movie 1</disk><status>Good</status><format>RM</format><quality>Very Poor</quality><size>133 MB</size><imdb></imdb></Movie><Movie><name>2 Fast 2 Furious</name><lang>English</lang><disk>Disk Movie 2</disk><status>Good</status><format>AVI</format><quality>Very Good</quality><size>700 MB</size><imdb></imdb></Movie><Movie><name>Cars</name><lang>English</lang><disk>Disk Movie 2</disk><status>Good</status><format>RMVB</format><quality>Very Poor</quality><size>474 MB</size><imdb></imdb></Movie><Movie><name>I Robot</name><lang>English</lang><disk>Disk Movie 2</disk><status>Good</status><format>DAT/MPEG</format><quality>Good</quality><size>1.3 GB</size><imdb></imdb></Movie><Movie><name>The Mask</name><lang>English</lang><disk>Disk Movie 2</disk><status>Good</status><format>DAT/MPEG</format><quality>Good</quality><size>1 GB</size><imdb></imdb></Movie><Movie><name>Monsters</name><lang>English</lang><disk>Disk Movie 2</disk><status>Good</status><format>AVI</format><quality>Good</quality><size>700 MB</size><imdb></imdb></Movie><Movie><name>Anian</name><lang>Other</lang><disk>Protected 3</disk><status>Good</status><format>MP4</format><quality>Poor</quality><size>400 MB</size><imdb></imdb></Movie><Movie><name>Euro Trip</name><lang>English</lang><disk>Protected 3</disk><status>Good</status><format>AVI</format><quality>Good</quality><size>700 MB</size><imdb></imdb></Movie><Movie><name>Pink Panther</name><lang>English</lang><disk>Protected 3</disk><status>Good</status><format>DAT/MPEG</format><quality>Good</quality><size>900 MB</size><imdb></imdb></Movie><Movie><name>Stuart Little</name><lang>English</lang><disk>Protected 3</disk><status>Good</status><format>DAT/MPEG</format><quality>Good</quality><size>800 MB</size><imdb></imdb></Movie><Movie><name>Zathura</name><lang>English</lang><disk>Protected 3</disk><status>Good</status><format>AVI</format><quality>Good</quality><size>700 MB</size><imdb></imdb></Movie><Movie><name>Ghost Ship</name><lang>English</lang><disk>Protected 3+Protected 2</disk><status>Good</status><format>DAT/MPEG</format><quality>Good</quality><size>1.3 GB</size><imdb></imdb></Movie><Movie><name>Casino Royal</name><lang>English</lang><disk>Disk Movie 3</disk><status>Good</status><format>AVI</format><quality>Poor</quality><size>200 MB</size><imdb></imdb></Movie><Movie><name>Machine Immpossible</name><lang>English</lang><disk>Disk Movie 3</disk><status>Good</status><format>VOB</format><quality>Good</quality><size>1 GB</size><imdb></imdb></Movie><Movie><name>Scarface</name><lang>English</lang><disk>Disk Movie 3</disk><status>Good</status><format>AVI</format><quality>Good</quality><size>750 MB</size><imdb></imdb></Movie><Movie><name>Mr. Bean</name><lang>English</lang><disk>Disk Movie 3</disk><status>Good</status><format>AVI</format><quality>Good</quality><size>280 MB</size><imdb></imdb></Movie><Movie><name>The Fench Connection</name><lang>English</lang><disk>Disk Movie 3</disk><status>Good</status><format>AVI</format><quality>Good</quality><size>700 MB</size><imdb></imdb></Movie><Movie><name>Training Day</name><lang>English</lang><disk>Disk Movie 3</disk><status>Good</status><format>AVI</format><quality>Good</quality><size>700 MB</size><imdb></imdb></Movie><Movie><name>What a Girl Want </name><lang>English</lang><disk>Disk Movie 3</disk><status>Good</status><format>AVI</format><quality>Good</quality><size>700 MB</size><imdb></imdb></Movie><Movie><name>Childern of Heaven</name><lang>English</lang><disk>Disk Movie 4</disk><status>Good</status><format>AVI</format><quality>Good</quality><size>740 MB</size><imdb></imdb></Movie><Movie><name>No Country for Old Men</name><lang>English</lang><disk>Disk Movie 4</disk><status>Good</status><format>AVI</format><quality>Very Good</quality><size>1.46 GB</size><imdb></imdb></Movie><Movie><name>The Terminal</name><lang>English</lang><disk>Disk Movie 4</disk><status>Good</status><format>AVI</format><quality>Good</quality><size>700 MB</size><imdb></imdb></Movie><Movie><name>Un Forgiven</name><lang>English</lang><disk>Disk Movie 4</disk><status>Good</status><format>AVI</format><quality>Good</quality><size>1.45 GB</size><imdb></imdb></Movie><Movie><name>Charlie Champion</name><lang>English</lang><disk>Disk Movie 5</disk><status>Good</status><format>VOB</format><quality>Good</quality><size>4.3 GB</size><imdb></imdb></Movie><Movie><name>Bruce Almity</name><lang>English</lang><disk>Disk Movie 6</disk><status>Good</status><format>AVI</format><quality>Good</quality><size>700 MB</size><imdb></imdb></Movie><Movie><name>Cave</name><lang>English</lang><disk>Disk Movie 6</disk><status>Good</status><format>AVI</format><quality>Good</quality><size>540 MB</size><imdb></imdb></Movie><Movie><name>Chicken Run</name><lang>English</lang><disk>Disk Movie 6</disk><status>Good</status><format>AVI</format><quality>Good</quality><size>700 MB</size><imdb></imdb></Movie><Movie><name>Mask</name><lang>English</lang><disk>Disk Movie 6</disk><status>Good</status><format>MPEG</format><quality>Good</quality><size>640 MB</size><imdb></imdb></Movie><Movie><name>Naked Gun</name><lang>English</lang><disk>Disk Movie 6</disk><status>Good</status><format>DAT/MPEG</format><quality>Good</quality><size>800 MB</size><imdb></imdb></Movie><Movie><name>Night at the Muesium</name><lang>English</lang><disk>Disk Movie 6</disk><status>Good</status><format>AVI</format><quality>Good</quality><size>700 MB</size><imdb></imdb></Movie><Movie><name>P2</name><lang>English</lang><disk>Disk Movie 7</disk><status>Good</status><format>VOB</format><quality>Good</quality><size>1.7 GB</size><imdb></imdb></Movie><Movie><name>Ring 1</name><lang>English</lang><disk>Disk Movie 7</disk><status>Good</status><format>VOB</format><quality>Good</quality><size>1.26 GB</size><imdb></imdb></Movie><Movie><name>Ring 2</name><lang>English</lang><disk>Disk Movie 7</disk><status>Good</status><format>VOB</format><quality>Good</quality><size>1.35 GB</size><imdb></imdb></Movie><Movie><name>Anaconnda 2</name><lang>English</lang><disk>Disk Movie 8</disk><status>Good</status><format>VOB</format><quality>Very Good</quality><size>1 GB</size><imdb></imdb></Movie><Movie><name>Harry Poter - Chamber of Secrates</name><lang>English</lang><disk>Disk Movie 8</disk><status>Good</status><format>AVI</format><quality>Good</quality><size>1.5 GB</size><imdb></imdb></Movie><Movie><name>Constantine</name><lang>English</lang><disk>Disk Movie 8</disk><status>Good</status><format>AVI</format><quality>Good</quality><size>1.5 GB</size><imdb></imdb></Movie><Movie><name>Antz</name><lang>English</lang><disk>Protected 1</disk><status>Good</status><format>AVI</format><quality>Good</quality><size>750 MB</size><imdb></imdb></Movie><Movie><name>Final Fantasy 7 Advent Children</name><lang>English</lang><disk>Protected 1</disk><status>Good</status><format>AVI</format><quality>Good</quality><size>700 MB</size><imdb></imdb></Movie><Movie><name>Garifild</name><lang>English</lang><disk>Protected 1</disk><status>Good</status><format>VOB</format><quality>Good</quality><size>800 MB</size><imdb></imdb></Movie><Movie><name>Italian JOB</name><lang>English</lang><disk>Protected 1</disk><status>Good</status><format>AVI</format><quality>Good</quality><size>730 MB</size><imdb></imdb></Movie><Movie><name>Over the Hedge</name><lang>English</lang><disk>Protected 1</disk><status>Good</status><format>DAT/MPEG</format><quality>Poor</quality><size>760 MB</size><imdb></imdb></Movie><Movie><name>Troy</name><lang>English</lang><disk>Protected 1</disk><status>Good</status><format>AVI</format><quality>Good</quality><size>700 MB</size><imdb></imdb></Movie><Movie><name>Barn Yard</name><lang>English</lang><disk>Protected 2</disk><status>Good</status><format>AVI</format><quality>Good</quality><size>700 MB</size><imdb></imdb></Movie><Movie><name>Click</name><lang>English</lang><disk>Protected 2</disk><status>Poor</status><format>AVI</format><quality>Poor</quality><size>640 MB</size><imdb></imdb></Movie><Movie><name>Mouse Hunt</name><lang>English</lang><disk>Protected 2</disk><status>Good</status><format>RM</format><quality>Poor</quality><size>320 MB</size><imdb></imdb></Movie><Movie><name>Narnia</name><lang>English</lang><disk>Protected 2</disk><status>Good</status><format>WMV</format><quality>Poor</quality><size>370 MB</size><imdb></imdb></Movie><Movie><name>National Treasure</name><lang>English</lang><disk>Protected 2</disk><status>Good</status><format>AVI</format><quality>Good</quality><size>650 MB</size><imdb></imdb></Movie><Movie><name>The Davinci Code</name><lang>English</lang><disk>Protected 2</disk><status>Good</status><format>RMVB </format><quality>Poor</quality><size>541 MB</size><imdb></imdb></Movie><Movie><name>The Wild</name><lang>English</lang><disk>Protected 2</disk><status>Good</status><format>AVI</format><quality>Good</quality><size>700 MB</size><imdb></imdb></Movie><Movie><name>Armageddon</name><lang>English</lang><disk>Protected 4</disk><status>Poor</status><format>AVI</format><quality>Good</quality><size>700 MB</size><imdb></imdb></Movie><Movie><name>Gladiator</name><lang>English</lang><disk>Protected 4</disk><status>Good</status><format>AVI</format><quality>Good</quality><size>570 MB</size><imdb></imdb></Movie><Movie><name>Happy Feet</name><lang>English</lang><disk>Protected 4</disk><status>Good</status><format>AVI</format><quality>Good</quality><size>700 MB</size><imdb></imdb></Movie><Movie><name>The Independence Day</name><lang>English</lang><disk>Protected 4</disk><status>Good</status><format>AVI</format><quality>Good</quality><size>700 MB</size><imdb></imdb></Movie><Movie><name>Monster Home</name><lang>English</lang><disk>Protected 4</disk><status>Good</status><format>AVI</format><quality>Good</quality><size>700 MB</size><imdb></imdb></Movie><Movie><name>V for Vendetta</name><lang>English</lang><disk>Protected 4</disk><status>Good</status><format>AVI</format><quality>Good</quality><size>700 MB</size><imdb></imdb></Movie><Movie><name>Alien VS Predator</name><lang>English</lang><disk>Protected 5</disk><status>Good</status><format>WMV</format><quality>Poor</quality><size>300 MB</size><imdb></imdb></Movie><Movie><name>The Ant and the Bully</name><lang>English</lang><disk>Protected 5</disk><status>Good</status><format>AVI</format><quality>Good</quality><size>700 MB</size><imdb></imdb></Movie><Movie><name>Ghost Rider</name><lang>English</lang><disk>Protected 5</disk><status>Good</status><format>AVI</format><quality>Good</quality><size>700 MB</size><imdb></imdb></Movie><Movie><name>Incredibles</name><lang>English</lang><disk>Protected 5</disk><status>Good</status><format>AVI</format><quality>Good</quality><size>700 MB</size><imdb></imdb></Movie><Movie><name>Mr. Bean</name><lang>English</lang><disk>Protected 5</disk><status>Good</status><format>AVI</format><quality>Good</quality><size>700 MB</size><imdb></imdb></Movie><Movie><name>Speed</name><lang>English</lang><disk>Protected 5</disk><status>Good</status><format>AVI</format><quality>Good</quality><size>700 MB</size><imdb></imdb></Movie><Movie><name>The Transporter</name><lang>English</lang><disk>Protected 5</disk><status>Good</status><format>AVI</format><quality>Good</quality><size>700 MB</size><imdb></imdb></Movie><Movie><name>Pirates of Carabian</name><lang>English</lang><disk>Protected 6</disk><status>Good</status><format>DAT/MPEG</format><quality>Good</quality><size>1.35 GB</size><imdb></imdb></Movie><Movie><name>Pirates Of Carabian 2</name><lang>English</lang><disk>Protected 6</disk><status>Good</status><format>DAT/MPEG</format><quality>Poor</quality><size>1.42 GB</size><imdb></imdb></Movie><Movie><name>Stuart Little</name><lang>English</lang><disk>Protected 6</disk><status>Good</status><format>DAT/MPEG</format><quality>Poor</quality><size>818 MB</size><imdb></imdb></Movie><Movie><name>tokyo Drift</name><lang>English</lang><disk>Protected 6</disk><status>Good</status><format>RMVB</format><quality>Very Poor</quality><size>260 MB</size><imdb></imdb></Movie><Movie><name>Harry Poter -- Goblet of Fire</name><lang>English</lang><disk>Protected 7</disk><status>Good</status><format>AVI</format><quality>Poor</quality><size>1.5 GB</size><imdb></imdb></Movie><Movie><name>Harry Poter -- Prizoner of Azkaban</name><lang>English</lang><disk>Protected 7</disk><status>Good</status><format>AVI</format><quality>Good</quality><size>1.26 GB</size><imdb></imdb></Movie><Movie><name>Harry Poter -- Sorcerres stone</name><lang>English</lang><disk>Protected 7</disk><status>Good</status><format>AVI</format><quality>Good</quality><size>1.3 GB</size><imdb></imdb></Movie><Movie><name>Lord Of the Rings 1</name><lang>English</lang><disk>Protected 8</disk><status>Good</status><format>AVI</format><quality>Good</quality><size>1.3 GB</size><imdb></imdb></Movie><Movie><name>Lord of the Rings 2</name><lang>English</lang><disk>Protected 8</disk><status>Good</status><format>AVI</format><quality>Good</quality><size>1.3 GB</size><imdb></imdb></Movie><Movie><name>Lord of the rings 3</name><lang>English</lang><disk>Protected 8</disk><status>Good</status><format>AVI</format><quality>Good</quality><size>1.2 GB</size><imdb></imdb></Movie><Movie><name>The Persuit of Happyness</name><lang>English</lang><disk>Protected 9</disk><status>Good</status><format>AVI</format><quality>Good</quality><size>700 MB</size><imdb></imdb></Movie><Movie><name>I am Legend</name><lang>English</lang><disk>Protected 9</disk><status>Good</status><format>AVI</format><quality>Good</quality><size>700 MB</size><imdb></imdb></Movie><Movie><name>Blood Diamond</name><lang>English</lang><disk>Protected 9</disk><status>Good</status><format>AVI</format><quality>Good</quality><size>900 MB</size><imdb></imdb></Movie><Movie><name>1408</name><lang>English</lang><disk>Protected 9</disk><status>Good</status><format>AVI</format><quality>Good</quality><size>700 MB</size><imdb></imdb></Movie><Movie><name>Ocean,s 13</name><lang>English</lang><disk>Protected 9</disk><status>Poor</status><format>AVI</format><quality>Good</quality><size>700 MB</size><imdb></imdb></Movie><Movie><name>Ace Venturia</name><lang>English</lang><disk>Protected 9</disk><status>Good</status><format>AVI</format><quality>Good</quality><size>700 MB</size><imdb></imdb></Movie><Movie><name>Atonment</name><lang>English</lang><disk>Protected 10</disk><status>Good</status><format></format><quality>Good</quality><size></size><imdb></imdb></Movie><Movie><name>City Of God</name><lang>English</lang><disk>Protected 10</disk><status></status><format></format><quality></quality><size></size><imdb></imdb></Movie><Movie><name>wish master 2</name><lang></lang><disk>Protected 10</disk><status></status><format></format><quality></quality><size></size><imdb></imdb></Movie><Movie><name>Wish Master 3</name><lang></lang><disk>Protected 10</disk><status></status><format></format><quality></quality><size></size><imdb></imdb></Movie><Movie><name>Amity Ville</name><lang></lang><disk>Disk Movie 9</disk><status></status><format></format><quality></quality><size></size><imdb></imdb></Movie><Movie><name>The Exorcist</name><lang></lang><disk>Disk Movie 9</disk><status></status><format></format><quality></quality><size></size><imdb></imdb></Movie><Movie><name>The Exortist 2</name><lang></lang><disk>Disk Movie 9</disk><status></status><format></format><quality></quality><size></size><imdb></imdb></Movie><Movie><name>The Exortist 3</name><lang></lang><disk>Disk Movie 9</disk><status></status><format></format><quality></quality><size></size><imdb></imdb></Movie><Movie><name>Exorcist</name><lang></lang><disk>Disk Movie 9</disk><status></status><format></format><quality></quality><size></size><imdb></imdb></Movie><Movie><name>Exorcism</name><lang></lang><disk>Disk Movie 9</disk><status></status><format></format><quality></quality><size></size><imdb></imdb></Movie><Movie><name>Dominion</name><lang></lang><disk>Disk Movie 9</disk><status></status><format></format><quality></quality><size></size><imdb></imdb></Movie><Movie><name>Stigmata</name><lang></lang><disk>Disk Movie 9</disk><status></status><format></format><quality></quality><size></size><imdb></imdb></Movie><Movie><name>Birth</name><lang></lang><disk>Protected 11</disk><status></status><format></format><quality></quality><size></size><imdb></imdb></Movie><Movie><name>Interpreter</name><lang></lang><disk>Protected 11</disk><status></status><format></format><quality></quality><size></size><imdb></imdb></Movie><Movie><name>300</name><lang></lang><disk>Disk Movie 10</disk><status></status><format></format><quality></quality><size></size><imdb></imdb></Movie><Movie><name>Saw 1</name><lang></lang><disk>Disk Movie 10</disk><status></status><format></format><quality></quality><size></size><imdb></imdb></Movie><Movie><name>Saw 2</name><lang></lang><disk>Disk Movie 10</disk><status></status><format></format><quality></quality><size></size><imdb></imdb></Movie><Movie><name>Sweeney Todd</name><lang>English</lang><disk>Disk Movie 10</disk><status></status><format></format><quality></quality><size></size><imdb></imdb></Movie><Movie><name>A Fistful of Dollars</name><lang></lang><disk>Disk Movie 11</disk><status></status><format></format><quality></quality><size></size><imdb></imdb></Movie><Movie><name>A Fistful of Dynamate</name><lang></lang><disk>Disk Movie 11</disk><status></status><format></format><quality></quality><size></size><imdb></imdb></Movie><Movie><name>Hostage</name><lang></lang><disk>Disk Movie 11</disk><status></status><format></format><quality></quality><size></size><imdb></imdb></Movie><Movie><name>Gridiron Gang</name><lang></lang><disk>Disk Movie 11</disk><status></status><format></format><quality></quality><size></size><imdb></imdb></Movie><Movie><name>Nostra Datius</name><lang></lang><disk>Disk Movie 11</disk><status></status><format></format><quality></quality><size></size><imdb></imdb></Movie><Movie><name>Baa Ram Eve</name><lang></lang><disk>Disk Movie 12</disk><status></status><format></format><quality></quality><size></size><imdb></imdb></Movie><Movie><name>Herbie, Fully Loaded</name><lang></lang><disk>Disk Moive 12</disk><status></status><format></format><quality></quality><size></size><imdb></imdb></Movie><Movie><name>Nassuv 1927</name><lang></lang><disk>Disk Moive 12</disk><status></status><format></format><quality></quality><size></size><imdb></imdb></Movie><Movie><name>Tais Toi</name><lang></lang><disk>Disk Moive 12</disk><status></status><format></format><quality></quality><size></size><imdb></imdb></Movie><Movie><name>Yours Mine &amp; ours</name><lang></lang><disk>Disk Moive 12</disk><status></status><format></format><quality></quality><size></size><imdb></imdb></Movie><Movie><name>The Holiday</name><lang></lang><disk>Protected 12</disk><status></status><format></format><quality></quality><size></size><imdb></imdb></Movie><Movie><name>Silence of Lamb</name><lang></lang><disk>Protected 12</disk><status></status><format></format><quality></quality><size></size><imdb></imdb></Movie><Movie><name>Swades</name><lang></lang><disk>Protected 12</disk><status></status><format></format><quality></quality><size></size><imdb></imdb></Movie><Movie><name>Forbidden Kingdown</name><lang></lang><disk>Protected 12</disk><status></status><format></format><quality></quality><size></size><imdb></imdb></Movie><Movie><name>The corrs movie</name><lang></lang><disk>Protected 12</disk><status></status><format></format><quality></quality><size></size><imdb></imdb></Movie><Movie><name>Vantage Point</name><lang></lang><disk>Protected 12</disk><status></status><format></format><quality></quality><size></size><imdb></imdb></Movie><Movie><name>The Time machine</name><lang></lang><disk>Protected 12</disk><status></status><format></format><quality></quality><size></size><imdb></imdb></Movie><Movie><name>Dasavatharam</name><lang></lang><disk>Disk Movie 13</disk><status></status><format></format><quality></quality><size></size><imdb></imdb></Movie><Movie><name>District 13</name><lang></lang><disk>Disk movie 13</disk><status></status><format></format><quality></quality><size></size><imdb></imdb></Movie><Movie><name>Fear Less</name><lang></lang><disk>Disk Movie 13</disk><status></status><format></format><quality></quality><size></size><imdb></imdb></Movie><Movie><name>The Corss Movie Album</name><lang></lang><disk>Disk movie 13</disk><status></status><format></format><quality></quality><size></size><imdb></imdb></Movie><Movie><name>CowBoy Movies</name><lang></lang><disk>Disk Movie 14</disk><status></status><format></format><quality></quality><size></size><imdb></imdb></Movie><Movie><name>Happening</name><lang></lang><disk>Disk Movie 15</disk><status></status><format></format><quality></quality><size></size><imdb></imdb></Movie><Movie><name>Class Mates</name><lang>Other</lang><disk>Disk Movie 14</disk><status></status><format></format><quality></quality><size></size><imdb></imdb></Movie><Movie><name>Bring it on</name><lang></lang><disk>Disk Movie 16</disk><status></status><format></format><quality></quality><size></size><imdb></imdb></Movie><Movie><name>The Seeker</name><lang></lang><disk>Disk Movie 15</disk><status></status><format></format><quality></quality><size></size><imdb></imdb></Movie><Movie><name>War Lords</name><lang></lang><disk>Disk Movie 15</disk><status></status><format></format><quality></quality><size></size><imdb></imdb></Movie><Movie><name>The ---- of heaven</name><lang></lang><disk>Disk Movie 15</disk><status></status><format></format><quality></quality><size></size><imdb></imdb></Movie><Movie><name>Golden Compass</name><lang></lang><disk>Disk Movie 15</disk><status></status><format></format><quality></quality><size></size><imdb></imdb></Movie><Movie><name>The Last Winter</name><lang></lang><disk>Disk Movie 15</disk><status></status><format></format><quality></quality><size></size><imdb></imdb></Movie><Movie><name>Star Wars 6 Parts</name><lang></lang><disk>Disk Movie 17</disk><status></status><format></format><quality></quality><size></size><imdb></imdb></Movie><Movie><name>Ice princess</name><lang></lang><disk>Protected 14</disk><status></status><format></format><quality></quality><size></size><imdb></imdb></Movie><Movie><name>Spiderwick</name><lang></lang><disk>Protected 14</disk><status></status><format></format><quality></quality><size></size><imdb></imdb></Movie><Movie><name>Blue</name><lang></lang><disk>Protected 14</disk><status></status><format></format><quality></quality><size></size><imdb></imdb></Movie><Movie><name>Shivaji</name><lang></lang><disk>Protected 15</disk><status></status><format></format><quality></quality><size></size><imdb></imdb></Movie><Movie><name>Incredible Hulk 2</name><lang></lang><disk>Protected 15</disk><status></status><format></format><quality></quality><size></size><imdb></imdb></Movie><Movie><name>Transformers</name><lang></lang><disk>Procted 15</disk><status></status><format></format><quality></quality><size></size><imdb></imdb></Movie><Movie><name>United 13</name><lang></lang><disk>Protected 15</disk><status></status><format></format><quality></quality><size></size><imdb></imdb></Movie><Movie><name>Sleepy Hallow</name><lang></lang><disk>Protected 15</disk><status></status><format></format><quality></quality><size></size><imdb></imdb></Movie><Movie><name>21</name><lang></lang><disk>Protected 16</disk><status></status><format></format><quality></quality><size></size><imdb></imdb></Movie><Movie><name>Goal</name><lang></lang><disk>Protected 16</disk><status></status><format></format><quality></quality><size></size><imdb></imdb></Movie><Movie><name>Kingdom</name><lang></lang><disk>Protected 16</disk><status></status><format></format><quality></quality><size></size><imdb></imdb></Movie><Movie><name>Meet The Spartan</name><lang></lang><disk>Protected 16</disk><status></status><format></format><quality></quality><size></size><imdb></imdb></Movie><Movie><name>Gone in 60 Seconds</name><lang></lang><disk>Protected 16</disk><status></status><format></format><quality></quality><size></size><imdb></imdb></Movie><Movie><name>Bad boys 1</name><lang></lang><disk>Protected 13</disk><status></status><format></format><quality></quality><size></size><imdb></imdb></Movie><Movie><name>Once</name><lang></lang><disk>Protected 13</disk><status></status><format></format><quality></quality><size></size><imdb></imdb></Movie><Movie><name>Pay Check</name><lang></lang><disk>Protected 13</disk><status></status><format></format><quality></quality><size></size><imdb></imdb></Movie><Movie><name>Spiderman 1</name><lang></lang><disk>Protected 13</disk><status></status><format></format><quality></quality><size></size><imdb></imdb></Movie><Movie><name>Spider man 2</name><lang></lang><disk>Protected 16</disk><status></status><format></format><quality></quality><size></size><imdb></imdb></Movie><Movie><name>Congesteo Yard</name><lang></lang><disk>Protected 17</disk><status></status><format></format><quality></quality><size></size><imdb></imdb></Movie><Movie><name>Deception</name><lang></lang><disk>Protected 17</disk><status></status><format></format><quality></quality><size></size><imdb></imdb></Movie><Movie><name>Dragon Hunters</name><lang></lang><disk>Protected 17</disk><status></status><format></format><quality></quality><size></size><imdb></imdb></Movie><Movie><name>National Tresure 2</name><lang></lang><disk>Protected 17</disk><status></status><format></format><quality></quality><size></size><imdb></imdb></Movie><Movie><name>Ratatouile</name><lang></lang><disk>Protected 17</disk><status></status><format></format><quality></quality><size></size><imdb></imdb></Movie><Movie><name>I know who killed me</name><lang></lang><disk>Protected 17</disk><status></status><format></format><quality></quality><size></size><imdb></imdb></Movie><Movie><name>Prefect Stanger</name><lang></lang><disk>Protected 18</disk><status></status><format></format><quality></quality><size></size><imdb></imdb></Movie><Movie><name>Bambi 2</name><lang></lang><disk>Protected 18</disk><status></status><format></format><quality></quality><size></size><imdb></imdb></Movie><Movie><name>Ballistic Ecks Server</name><lang></lang><disk>Protected 18</disk><status></status><format></format><quality></quality><size></size><imdb></imdb></Movie><Movie><name>Once up on a time in Mexico</name><lang></lang><disk>Protected 18</disk><status></status><format></format><quality></quality><size></size><imdb></imdb></Movie><Movie><name>Panic room</name><lang></lang><disk>Orginal DVD</disk><status></status><format></format><quality></quality><size></size><imdb></imdb></Movie><Movie><name>Apocalyptos</name><lang></lang><disk>Original DVD</disk><status></status><format></format><quality></quality><size></size><imdb></imdb></Movie><Movie><name>Bewolf</name><lang></lang><disk>Orginal DVD</disk><status></status><format></format><quality></quality><size></size><imdb></imdb></Movie><Movie><name>Die Hard</name><lang></lang><disk>Orginal DVD</disk><status></status><format></format><quality></quality><size></size><imdb></imdb></Movie><Movie><name>Narnia 2</name><lang></lang><disk>Orginal DVD</disk><status></status><format></format><quality>Good</quality><size></size><imdb></imdb></Movie><Movie><name>Italian Job</name><lang></lang><disk>Orginal DVD</disk><status></status><format></format><quality></quality><size></size><imdb></imdb></Movie><Movie><name>Spartacus</name><lang></lang><disk>Orginal DVD</disk><status></status><format></format><quality></quality><size></size><imdb></imdb></Movie><Movie><name>A Beatiful Mind</name><lang></lang><disk>Orignal DVD</disk><status></status><format></format><quality></quality><size></size><imdb></imdb></Movie><Movie><name>Sixth Sense</name><lang></lang><disk>Orginal DVD</disk><status></status><format></format><quality></quality><size></size><imdb></imdb></Movie><Movie><name>Desction for list of movies</name><lang></lang><disk>Restricted</disk><status></status><format></format><quality></quality><size></size><imdb></imdb></Movie></Collections>

