<?xml version="1.0" encoding="UTF-8"?>
<?xml-stylesheet type="text/xsl" href="News.xsl"?>

<ROOT>

<topic>
	<ilink>1</ilink>
	<title>MS OFFICE 2010 available for public download</title>
	<content>
After releasing to it to MSDN and TechNet Plus subscribers, Microsoft has made the Office 2010 beta available for public download. At the Professional Developer's Conference 2009, Microsoft announced the availability of the public beta of Office 2010 along with SharePoint Server, Visio, Project and Office Web Apps.Available in 32-bit as well as 64-bit versions. Apart from new icons, the Office 2010 suite features new Office Communicator 2007 R2 integrated in Outlook 2010. To download the Office Professional Plus 2010 Beta, head to the official download page(http://www.microsoft.com/office/2010/en/download-office-professional-plus/default.aspx).
	</content>
	<date>4:14 PM 12/2/2009</date>
</topic>

</ROOT>