<?xml version="1.0" encoding="UTF-8"?>
<?xml-stylesheet type="text/xsl" href="Others.xsl"?>

<ROOT>

<setup>
	<name>ILE Training</name>
	<url>http://www.scribd.com/doc/7311793/Ile-Rpg-Full-Training-Material?autodown=pdf</url>
	<type>PDF</type>
	<text>ILE RPG Full training material from SCRIBD.</text>
</setup>

<setup>
	<name>black N Green</name>
	<url>http://fc07.deviantart.net/fs20/f/2007/256/2/3/Dandelion_Wish_by_dedpan.jpg</url>
	<type>JPG</type>
	<text>Very Good decent wallpaper with Resolution:1280 x 1024.</text>
</setup>


<setup>
	<name>IGNOU Study material</name>
	<url>http://www.egyankosh.ac.in/password-login</url>
	<type>PDF</type>
	<text>All kinds of IGNOU materials are available for download.</text>
</setup>

<setup>
	<name>Sony Ericsson G502 Themes</name>
	<url>http://www.zedge.net/themes/1981/sony-ericsson-g502-themes/0-2-3/</url>
	<type>THM,SWF</type>
	<text>Many Flash themes for Sony Ericsson G502 and also avaialbe for many phones.</text>
</setup>

<setup>
	<name>Operational management Glosory</name>
	<url>http://webuser.bus.umich.edu/Organizations/rpa/GlossaryMay02.pdf </url>
	<type>PDF</type>
	<text>All definitions of Opertaional management.</text>
</setup>

</ROOT>