<?xml version="1.0" encoding="UTF-8"?>
<?xml-stylesheet type="text/xsl" href="Picassa.xsl"?>

<ROOT>

<setup>
	<name>Rajashekar</name>
	<url>http://picasaweb.google.com/raja.rajeshwar2006/Get2Gather?feat=email#</url>
	<type>Public</type>
	<text>Get-Gether photos of JNTU batch.</text>
</setup>

<!--
<setup>
	<name>Gouthami</name>
	<url>http://picasaweb.google.com/kgouthami/RoyalBluesReunion?authkey=Gv1sRgCK-Tvb2Bzoj4lgE&feat=email</url>
	<type>Public</type>
	<text>Get-Gether photos of JNTU batch.</text>
</setup>
-->

<setup>
	<name>Sameer</name>
	<url>http://picasaweb.google.co.in/sameer.addepalli/ReUnionGolcondaResorts?feat=email#</url>
	<type>Public</type>
	<text>Get-Gether photos of JNTU batch.</text>
</setup>

<setup>
	<name>Sameer</name>
	<url>http://picasaweb.google.co.in/sameer.addepalli/VamsiCamPics?feat=email#</url>
	<type>Public</type>
	<text>Get-Tether photos of JNTU batch.</text>
</setup>

<setup>
	<name>Jaggu</name>
	<url>http://picasaweb.google.com/teamdinner/Ethnic?feat=email#</url>
	<type>Public</type>
	<text>Ethnic day of HCL (HBOSS Team,Chennai).</text>
</setup>

</ROOT>