<?xml version="1.0" encoding="UTF-8"?>
<?xml-stylesheet type="text/xsl" href="Recall.xsl"?>

<ROOT>

<topic>
	<ilink>1</ilink>
	<title>Express View apartment, Room NO: 130A, Airtel Password.</title>
	<content>2139031910</content>
	<date>7:07 PM 1/1/2010</date>
</topic>

<topic>
	<ilink>2</ilink>
	<title>Dell Laptop Service Tag</title>
	<content>
a. Srihari - Dell Studio 1555 - 4DM43BS
b. Venu    - Dell Studio 14XX - FFZN4BS
	</content>
	<date>7:07 PM 1/1/2010</date>
</topic>

<topic>
	<ilink>3</ilink>
	<title>Reset Integrator Trail Period</title>
	<content>
In Integrator, License is stored in Registry location. So, after finishing trail period, follow this process:
1. Go to windows registry, press CTRL+F to search for a registry key.
2. Search "JNI".
3. You will be directed to "HKEY_LOCAL_MACHINE\SOFTWARE\IBS\Integrator\Java JNI Environment Settings" Location. Or else you can go manually.
4. Dele this Registry Folder(Only JNI).
5. Run Integrator and click on activate.
6. Now that your integrator license is valid for 30 days. Enjoy as many trails as you wish.
	</content>
	<date>7:07 PM 1/1/2010</date>
</topic>

<topic>
	<ilink>4</ilink>
	<title>Reset RPGAlive Trail Period</title>
	<content>
1. Uninstall RPGAlive.
2. Open command prompt and execute below commands:

C:\&#62; del %SystemRoot%\System32\gklnop0.ocb 
C:\&#62; del %SystemRoot%\System32\*.dlx
C:\&#62; del %SystemRoot%\System32\*.wbs

3. Now reinstall RPGAlive and enjoy 30 Days tail version.
	</content>
	<date>7:07 PM 1/1/2010</date>
</topic>

</ROOT>