<?xml version="1.0" encoding="UTF-8"?>
<?xml-stylesheet type="text/xsl" href="Softwares.xsl"?>

<ROOT>

<setup>
	<name>DirectX from microsoft</name>
	<url>http://www.microsoft.com/games/en-US/aboutGFW/pages/directx.aspx</url>
	<type>Freeware</type>
	<text>Directx increases performace of games and quality of display.</text>
</setup>

<setup>
	<name>Windows 7 Themes</name>
	<url>http://windows.microsoft.com/en-IN/windows/downloads/personalize</url>
	<type>Freeware</type>
	<text>Windows 7 Aero themes from microsoft and many applications and customizations.</text>
</setup>

<setup>
	<name>Track File and Registry changes</name>
	<url>http://www.softdd.com/disk-registry/index.htm</url>
	<type>Freeware</type>
	<text>Track File and registry changes while installing a software. Useful to reset trail version by removing, changes made by software.</text>
</setup>

<setup>
	<name>Troubleshooting XP</name>
	<url>http://www.kellys-korner-xp.com/xp_tweaks.htm</url>
	<type>Freeware</type>
	<text>Mulitple solution download for our windows XP.</text>
</setup>

<setup>
	<name>Detailed Hardware Config</name>
	<url>http://www.troublefixers.com/know-detailed-hardware-configuration-of-your-computer/</url>
	<type>Unknown</type>
	<text>Get Complete Hardware details of your system from this software(direct download).</text>
</setup>

</ROOT>