<?xml version="1.0" encoding="UTF-8"?>
<?xml-stylesheet type="text/xsl" href="Technical.xsl"?>

<ROOT>

<topic>
	<ilink>1</ilink>
	<title>Flashing Sony Ericsson with A2Uploader</title>
	<content>Download A2uploader.exe and ggsetup.exe. Install USB drivers via ggsetup.exe. Switch off your mobile and connect to laptop using USB cable. Run A2uploader.exe and hold 'C' or '2 + 5' and press "File system tool" in A2uploader. Now, A2uploaser loads all your mobile system files. Naviagate to "/tpa/preset/system/desktop/flash" path and paste Flash menu(.swf) files. Now click on "shutdown FS manager" in A2uploader. Now edit any Sony Ericsson theme file and modify XML file to load your Flash file. Restart your phone and load your modified theme. You should see a flash menu in your phone now. </content>
	<date>4:21 PM 11/24/2009</date>
</topic>


<topic>
	<ilink>2</ilink>
	<title>Connect two laptops with LAN cable</title>
	<content>
1. Right click 'My Computer' and select properties.
2. Change 'Workgroup' so that both laptop workgroups remain same.
3. Enable file shariping option for both laptops.
4. Now, Laptops are visible to one-other networks.
5. Double click on network computer name and provide other laptops Windows user id and password for data access. Do the same for the other laptop one aswell.
6. Now try to share any folder and other laptop should be able to access it.
	</content>
	<date>7:29 PM 1/1/2010</date>
</topic>


<topic>
	<ilink>3</ilink>
	<title>How to Rearm and Extend Free Usage (Activation Grace Period) of Windows 7 to 120 Days</title>
	<content>
1.Install Windows 7 without any product activation key.
2.After installation is completed, use the Windows 7 for 30 days and wait for the remaining days left to activate Windows counting down to 0, or almost zero.
3.When the activation grace period (or evaluation trial period) is almost expired or ended, log on to Windows 7 desktop, and open a Command Prompt window (i.e. type Cmd in Start Search and hit Enter).
4.Type any of the following commands into the command prompt, and then hit Enter: 

	C:\&#62; sysprep &#47;generalize
	C:\&#62; slmgr.vbs rearm
	C:\&#62; rundll32 slc.dll,SLReArmWindows
	C:\&#62; slmgr &#47;rearm

5.Reboot Windows 7 to enjoy another 30 days of free usage without worrying about activation nor even need to crack Windows 7.
6.When the activation grace period countdown timer almost running down to 0 again, repeat the REARM trick to enjoy another 30 days of Windows 7 for free. User can run the rearm command for maximum of 3 times.
	</content>
	<date>12:48 PM 1/21/2010</date>
</topic>

<topic>
	<ilink>4</ilink>
	<title>Disable recent documents</title>
	<content>
For those who look for full privacy, disable recent documents history is the most frequent feature that been request. Once you disable recent history documents history, files you open will not be added to recent documents history list. 
To disable recent documents history:-
  1. Go to Start -> Run -> type regedit and enter
  2. Browse to HKEY_CURRENT_USER\ Software\ Microsoft\ Windows\ CurrentVersion\ Policies\ Explorer
  3. Create a DWORD value with the key NoRecentDocsHistory and set the value to 1
  4. Done, you have just disable recent documents history.
  5. Please logoff or restart your pc to get the recent documents history take effect.

If you are in multi user computer, you can disable recent documents history once for all user. Just follow the steps below to disable recent documents history:-
  1. Go to Start -> Run -> type regedit and enter
  2. Browse to HKEY_LOCAL_MACHINE\ Software\ Microsoft\ Windows\ CurrentVersion\ Policies\ Explorer
  3. Create a DWORD value with the key NoRecentDocsHistory and set the value to 1
  4. Done, you have just disable recent documents history.
  5. Please logoff or restart your pc to get the recent documents history take effect.

	</content>
	<date>2:29 PM 1/21/2010</date>
</topic>

<topic>
	<ilink>5</ilink>
	<title>God Mode in Windows 7</title>
	<content>
1. Create a new folder anywhere in your harddisk.
2. Rename the new folder to "GodMode.{ED7BA470-8E54-465E-825C-99712043E01C}" and press enter.
3. Now you will be see a change in icon. Double click on this to open God Mode.
4. You can change multiple settings option in God Mode.
	</content>
	<date>5:13 PM 1/28/2010</date>
</topic>

<topic>
	<ilink>6</ilink>
	<title>Steps to change Windows XP Key</title>
	<content>
1. Click start in the bottom left corner, then click run. 
2. Type 'Regedit' in the white text field, and click OK. This should open the Registry Editor. Navigate to the following registry key(Hkey_local_machine\Software\Microsoft\WindowsNT\Current Version\WPAEvents).
3. Right click 'OOBETimer', in that registry key that you just navigated to and then click 'Modify'.
4. Change one or more digits to anything random. 
5. Click start and then click run. 
6. Paste '%systemroot%\system32\oobe\msoobe.exe /a', in the white text field,. 
7. Select 'Yes, I want to telephone a customer service representative to activate Windows', then click next. 
8. Click Change Product key. 
9. Type the new product key into the small white text fields and then click update. 
10. Check that you get a message similar to 'You have successfully activated your copy of Windows.', if you do, restart your computer, and you're done! 
	</content>
	<date>5:13 PM 1/28/2010</date>
</topic>

<topic>
	<ilink>7</ilink>
	<title>Obtain XP key from Bootable CD</title>
	<content>
1. Open your c:\i386 folder and browse for a file called unattend.txt
2. Open it with notepad or a text editor (word etc.)
3. Browse the file for this line:[UserData] ProductKey=xxxxx-xxxxx-xxxxx-xxxxx-xxxxx
4. Have fun ! Now u'll never need to search for a product code for XP again.
	</content>
	<date>5:13 PM 1/28/2010</date>
</topic>

</ROOT>